[
{
  "model": "admin.logentry",
  "pk": 1,
  "fields": {
    "action_time": "2021-03-24T08:48:20.906Z",
    "user": 1,
    "content_type": 8,
    "object_id": "1",
    "object_repr": "/ -- Главная страница Django Lab",
    "action_flag": 1,
    "change_message": "[{\"added\": {}}]"
  }
},
{
  "model": "admin.logentry",
  "pk": 2,
  "fields": {
    "action_time": "2021-03-24T09:08:53.297Z",
    "user": 1,
    "content_type": 8,
    "object_id": "1",
    "object_repr": "/ -- Главная страница Django Lab",
    "action_flag": 2,
    "change_message": "[{\"changed\": {\"fields\": [\"Content\"]}}]"
  }
},
{
  "model": "admin.logentry",
  "pk": 3,
  "fields": {
    "action_time": "2021-03-24T09:19:59.744Z",
    "user": 1,
    "content_type": 8,
    "object_id": "1",
    "object_repr": "/ -- Главная страница Django Lab",
    "action_flag": 2,
    "change_message": "[{\"changed\": {\"fields\": [\"Content\"]}}]"
  }
},
{
  "model": "admin.logentry",
  "pk": 4,
  "fields": {
    "action_time": "2021-03-24T09:21:04.938Z",
    "user": 1,
    "content_type": 8,
    "object_id": "2",
    "object_repr": "/contacts/ -- Контакты",
    "action_flag": 1,
    "change_message": "[{\"added\": {}}]"
  }
},
{
  "model": "admin.logentry",
  "pk": 5,
  "fields": {
    "action_time": "2021-03-24T09:22:11.219Z",
    "user": 1,
    "content_type": 8,
    "object_id": "3",
    "object_repr": "/about/ -- О нас",
    "action_flag": 1,
    "change_message": "[{\"added\": {}}]"
  }
},
{
  "model": "admin.logentry",
  "pk": 6,
  "fields": {
    "action_time": "2021-03-24T09:25:33.309Z",
    "user": 1,
    "content_type": 8,
    "object_id": "1",
    "object_repr": "/ -- Главная страница Django Lab",
    "action_flag": 2,
    "change_message": "[{\"changed\": {\"fields\": [\"Template name\"]}}]"
  }
},
{
  "model": "admin.logentry",
  "pk": 7,
  "fields": {
    "action_time": "2021-03-24T09:26:26.679Z",
    "user": 1,
    "content_type": 8,
    "object_id": "3",
    "object_repr": "/about/ -- О нас",
    "action_flag": 2,
    "change_message": "[{\"changed\": {\"fields\": [\"Template name\"]}}]"
  }
},
{
  "model": "admin.logentry",
  "pk": 8,
  "fields": {
    "action_time": "2021-03-24T09:26:33.443Z",
    "user": 1,
    "content_type": 8,
    "object_id": "2",
    "object_repr": "/contacts/ -- Контакты",
    "action_flag": 2,
    "change_message": "[{\"changed\": {\"fields\": [\"Template name\"]}}]"
  }
},
{
  "model": "admin.logentry",
  "pk": 9,
  "fields": {
    "action_time": "2021-03-24T09:37:57.419Z",
    "user": 1,
    "content_type": 8,
    "object_id": "1",
    "object_repr": "/ -- Главная страница Django Lab",
    "action_flag": 2,
    "change_message": "[]"
  }
},
{
  "model": "admin.logentry",
  "pk": 10,
  "fields": {
    "action_time": "2021-03-24T09:39:28.895Z",
    "user": 1,
    "content_type": 8,
    "object_id": "1",
    "object_repr": "/ -- Главная",
    "action_flag": 2,
    "change_message": "[{\"changed\": {\"fields\": [\"Title\"]}}]"
  }
},
{
  "model": "admin.logentry",
  "pk": 11,
  "fields": {
    "action_time": "2021-03-24T09:40:02.015Z",
    "user": 1,
    "content_type": 8,
    "object_id": "4",
    "object_repr": "/services/ -- Услуги",
    "action_flag": 1,
    "change_message": "[{\"added\": {}}]"
  }
},
{
  "model": "admin.logentry",
  "pk": 12,
  "fields": {
    "action_time": "2021-03-24T09:40:40.921Z",
    "user": 1,
    "content_type": 8,
    "object_id": "4",
    "object_repr": "/services/ -- Услуги",
    "action_flag": 2,
    "change_message": "[{\"changed\": {\"fields\": [\"Template name\"]}}]"
  }
},
{
  "model": "admin.logentry",
  "pk": 13,
  "fields": {
    "action_time": "2021-03-24T11:24:20.488Z",
    "user": 1,
    "content_type": 8,
    "object_id": "3",
    "object_repr": "/about/ -- О нас",
    "action_flag": 2,
    "change_message": "[{\"changed\": {\"fields\": [\"content\"]}}]"
  }
},
{
  "model": "admin.logentry",
  "pk": 14,
  "fields": {
    "action_time": "2021-03-25T08:11:19.041Z",
    "user": 1,
    "content_type": 8,
    "object_id": "1",
    "object_repr": "/ -- Главная",
    "action_flag": 2,
    "change_message": "[{\"changed\": {\"fields\": [\"content\", \"Template name\"]}}]"
  }
},
{
  "model": "admin.logentry",
  "pk": 15,
  "fields": {
    "action_time": "2021-03-25T09:57:58.226Z",
    "user": 1,
    "content_type": 8,
    "object_id": "2",
    "object_repr": "/contacts/ -- Контакты",
    "action_flag": 2,
    "change_message": "[{\"changed\": {\"fields\": [\"content\"]}}]"
  }
},
{
  "model": "admin.logentry",
  "pk": 16,
  "fields": {
    "action_time": "2021-03-25T09:58:10.195Z",
    "user": 1,
    "content_type": 8,
    "object_id": "1",
    "object_repr": "/ -- Главная",
    "action_flag": 2,
    "change_message": "[{\"changed\": {\"fields\": [\"Template name\"]}}]"
  }
},
{
  "model": "admin.logentry",
  "pk": 17,
  "fields": {
    "action_time": "2021-03-30T08:45:24.476Z",
    "user": 1,
    "content_type": 8,
    "object_id": "3",
    "object_repr": "/about/ -- О нас",
    "action_flag": 2,
    "change_message": "[{\"changed\": {\"fields\": [\"Template name\"]}}]"
  }
},
{
  "model": "admin.logentry",
  "pk": 18,
  "fields": {
    "action_time": "2021-03-30T08:45:51.519Z",
    "user": 1,
    "content_type": 8,
    "object_id": "1",
    "object_repr": "/ -- Главная",
    "action_flag": 2,
    "change_message": "[{\"changed\": {\"fields\": [\"Template name\"]}}]"
  }
},
{
  "model": "admin.logentry",
  "pk": 19,
  "fields": {
    "action_time": "2021-03-30T08:45:59.028Z",
    "user": 1,
    "content_type": 8,
    "object_id": "2",
    "object_repr": "/contacts/ -- Контакты",
    "action_flag": 2,
    "change_message": "[{\"changed\": {\"fields\": [\"Template name\"]}}]"
  }
},
{
  "model": "admin.logentry",
  "pk": 20,
  "fields": {
    "action_time": "2021-03-30T08:51:45.516Z",
    "user": 1,
    "content_type": 8,
    "object_id": "4",
    "object_repr": "/services/ -- Услуги",
    "action_flag": 2,
    "change_message": "[{\"changed\": {\"fields\": [\"content\"]}}]"
  }
},
{
  "model": "admin.logentry",
  "pk": 21,
  "fields": {
    "action_time": "2021-03-30T08:51:57.847Z",
    "user": 1,
    "content_type": 8,
    "object_id": "3",
    "object_repr": "/about/ -- О нас",
    "action_flag": 2,
    "change_message": "[{\"changed\": {\"fields\": [\"Template name\"]}}]"
  }
},
{
  "model": "admin.logentry",
  "pk": 22,
  "fields": {
    "action_time": "2021-03-30T08:52:07.742Z",
    "user": 1,
    "content_type": 8,
    "object_id": "2",
    "object_repr": "/contacts/ -- Контакты",
    "action_flag": 2,
    "change_message": "[{\"changed\": {\"fields\": [\"Template name\"]}}]"
  }
},
{
  "model": "admin.logentry",
  "pk": 23,
  "fields": {
    "action_time": "2021-04-03T20:08:36.432Z",
    "user": 1,
    "content_type": 14,
    "object_id": "1",
    "object_repr": "Profile object (1)",
    "action_flag": 1,
    "change_message": "[{\"added\": {}}]"
  }
},
{
  "model": "admin.logentry",
  "pk": 24,
  "fields": {
    "action_time": "2021-04-05T09:28:02.715Z",
    "user": 1,
    "content_type": 14,
    "object_id": "1",
    "object_repr": "Profile object (1)",
    "action_flag": 2,
    "change_message": "[{\"changed\": {\"fields\": [\"\\u0412\\u043e\\u0437\\u0440\\u0430\\u0441\\u0442\"]}}]"
  }
},
{
  "model": "admin.logentry",
  "pk": 25,
  "fields": {
    "action_time": "2021-04-07T12:18:45.656Z",
    "user": 1,
    "content_type": 7,
    "object_id": "2",
    "object_repr": "127.0.0.1:8000",
    "action_flag": 1,
    "change_message": "[{\"added\": {}}]"
  }
},
{
  "model": "admin.logentry",
  "pk": 26,
  "fields": {
    "action_time": "2021-04-07T12:21:08.352Z",
    "user": 1,
    "content_type": 19,
    "object_id": "1",
    "object_repr": "OAuth App",
    "action_flag": 1,
    "change_message": "[{\"added\": {}}]"
  }
},
{
  "model": "admin.logentry",
  "pk": 27,
  "fields": {
    "action_time": "2021-04-07T16:12:49.001Z",
    "user": 1,
    "content_type": 8,
    "object_id": "3",
    "object_repr": "about/ -- О нас",
    "action_flag": 2,
    "change_message": "[{\"changed\": {\"fields\": [\"URL\", \"Sites\"]}}]"
  }
},
{
  "model": "admin.logentry",
  "pk": 28,
  "fields": {
    "action_time": "2021-04-07T16:13:05.600Z",
    "user": 1,
    "content_type": 8,
    "object_id": "3",
    "object_repr": "/about/ -- О нас",
    "action_flag": 2,
    "change_message": "[{\"changed\": {\"fields\": [\"URL\"]}}]"
  }
},
{
  "model": "admin.logentry",
  "pk": 29,
  "fields": {
    "action_time": "2021-04-07T16:14:48.870Z",
    "user": 1,
    "content_type": 8,
    "object_id": "2",
    "object_repr": "/contacts/ -- Контакты",
    "action_flag": 2,
    "change_message": "[]"
  }
},
{
  "model": "admin.logentry",
  "pk": 30,
  "fields": {
    "action_time": "2021-04-07T16:15:01.803Z",
    "user": 1,
    "content_type": 8,
    "object_id": "2",
    "object_repr": "/contacts/ -- Контакты",
    "action_flag": 2,
    "change_message": "[{\"changed\": {\"fields\": [\"Sites\"]}}]"
  }
},
{
  "model": "admin.logentry",
  "pk": 31,
  "fields": {
    "action_time": "2021-04-09T07:35:20.697Z",
    "user": 1,
    "content_type": 3,
    "object_id": "1",
    "object_repr": "common users",
    "action_flag": 1,
    "change_message": "[{\"added\": {}}]"
  }
},
{
  "model": "admin.logentry",
  "pk": 32,
  "fields": {
    "action_time": "2021-04-09T09:06:17.473Z",
    "user": 1,
    "content_type": 4,
    "object_id": "3",
    "object_repr": "newuser",
    "action_flag": 2,
    "change_message": "[{\"changed\": {\"fields\": [\"First name\"]}}]"
  }
},
{
  "model": "admin.logentry",
  "pk": 33,
  "fields": {
    "action_time": "2021-04-09T09:07:34.221Z",
    "user": 1,
    "content_type": 4,
    "object_id": "3",
    "object_repr": "newuser",
    "action_flag": 2,
    "change_message": "[{\"changed\": {\"fields\": [\"Last name\"]}}]"
  }
},
{
  "model": "admin.logentry",
  "pk": 34,
  "fields": {
    "action_time": "2021-04-09T09:41:49.718Z",
    "user": 1,
    "content_type": 4,
    "object_id": "3",
    "object_repr": "newuser",
    "action_flag": 2,
    "change_message": "[{\"changed\": {\"fields\": [\"Email address\"]}}]"
  }
},
{
  "model": "admin.logentry",
  "pk": 35,
  "fields": {
    "action_time": "2021-04-09T09:43:59.579Z",
    "user": 1,
    "content_type": 4,
    "object_id": "3",
    "object_repr": "newuser",
    "action_flag": 2,
    "change_message": "[{\"changed\": {\"fields\": [\"First name\"]}}]"
  }
},
{
  "model": "admin.logentry",
  "pk": 36,
  "fields": {
    "action_time": "2021-04-09T09:48:15.904Z",
    "user": 1,
    "content_type": 4,
    "object_id": "3",
    "object_repr": "newuser",
    "action_flag": 2,
    "change_message": "[{\"changed\": {\"fields\": [\"First name\"]}}]"
  }
},
{
  "model": "admin.logentry",
  "pk": 37,
  "fields": {
    "action_time": "2021-04-09T09:49:31.921Z",
    "user": 1,
    "content_type": 4,
    "object_id": "3",
    "object_repr": "newuser",
    "action_flag": 2,
    "change_message": "[{\"changed\": {\"fields\": [\"First name\"]}}]"
  }
},
{
  "model": "admin.logentry",
  "pk": 38,
  "fields": {
    "action_time": "2021-04-09T09:58:03.820Z",
    "user": 1,
    "content_type": 4,
    "object_id": "4",
    "object_repr": "foo",
    "action_flag": 2,
    "change_message": "[{\"changed\": {\"fields\": [\"First name\"]}}]"
  }
},
{
  "model": "admin.logentry",
  "pk": 39,
  "fields": {
    "action_time": "2021-04-09T10:01:22.319Z",
    "user": 1,
    "content_type": 4,
    "object_id": "4",
    "object_repr": "foo",
    "action_flag": 2,
    "change_message": "[{\"changed\": {\"fields\": [\"Last name\"]}}]"
  }
},
{
  "model": "admin.logentry",
  "pk": 40,
  "fields": {
    "action_time": "2021-04-09T10:03:34.080Z",
    "user": 1,
    "content_type": 4,
    "object_id": "5",
    "object_repr": "foo1",
    "action_flag": 2,
    "change_message": "[{\"changed\": {\"fields\": [\"Groups\"]}}]"
  }
},
{
  "model": "admin.logentry",
  "pk": 41,
  "fields": {
    "action_time": "2021-04-09T10:07:29.594Z",
    "user": 1,
    "content_type": 4,
    "object_id": "7",
    "object_repr": "a1",
    "action_flag": 1,
    "change_message": "[{\"added\": {}}]"
  }
},
{
  "model": "admin.logentry",
  "pk": 42,
  "fields": {
    "action_time": "2021-04-09T10:25:46.435Z",
    "user": 1,
    "content_type": 3,
    "object_id": "2",
    "object_repr": "sellers",
    "action_flag": 1,
    "change_message": "[{\"added\": {}}]"
  }
},
{
  "model": "admin.logentry",
  "pk": 43,
  "fields": {
    "action_time": "2021-04-09T10:43:26.188Z",
    "user": 1,
    "content_type": 4,
    "object_id": "4",
    "object_repr": "foo",
    "action_flag": 2,
    "change_message": "[{\"changed\": {\"fields\": [\"Groups\"]}}]"
  }
},
{
  "model": "admin.logentry",
  "pk": 44,
  "fields": {
    "action_time": "2021-04-09T10:46:21.517Z",
    "user": 1,
    "content_type": 4,
    "object_id": "4",
    "object_repr": "foo",
    "action_flag": 2,
    "change_message": "[{\"changed\": {\"fields\": [\"User permissions\"]}}]"
  }
},
{
  "model": "admin.logentry",
  "pk": 45,
  "fields": {
    "action_time": "2021-04-16T12:09:25.341Z",
    "user": 1,
    "content_type": 21,
    "object_id": "new_product_notification",
    "object_repr": "new_product_notification (next run at: Апрель 16, 2021, 2:09:06 п.п.)",
    "action_flag": 1,
    "change_message": "[{\"added\": {}}]"
  }
},
{
  "model": "admin.logentry",
  "pk": 46,
  "fields": {
    "action_time": "2021-04-16T12:22:44.986Z",
    "user": 1,
    "content_type": 21,
    "object_id": "new_product_notification",
    "object_repr": "new_product_notification (next run at: Апрель 16, 2021, 2:09:06 п.п.)",
    "action_flag": 3,
    "change_message": ""
  }
},
{
  "model": "auth.permission",
  "pk": 1,
  "fields": {
    "name": "Can add log entry",
    "content_type": 1,
    "codename": "add_logentry"
  }
},
{
  "model": "auth.permission",
  "pk": 2,
  "fields": {
    "name": "Can change log entry",
    "content_type": 1,
    "codename": "change_logentry"
  }
},
{
  "model": "auth.permission",
  "pk": 3,
  "fields": {
    "name": "Can delete log entry",
    "content_type": 1,
    "codename": "delete_logentry"
  }
},
{
  "model": "auth.permission",
  "pk": 4,
  "fields": {
    "name": "Can view log entry",
    "content_type": 1,
    "codename": "view_logentry"
  }
},
{
  "model": "auth.permission",
  "pk": 5,
  "fields": {
    "name": "Can add permission",
    "content_type": 2,
    "codename": "add_permission"
  }
},
{
  "model": "auth.permission",
  "pk": 6,
  "fields": {
    "name": "Can change permission",
    "content_type": 2,
    "codename": "change_permission"
  }
},
{
  "model": "auth.permission",
  "pk": 7,
  "fields": {
    "name": "Can delete permission",
    "content_type": 2,
    "codename": "delete_permission"
  }
},
{
  "model": "auth.permission",
  "pk": 8,
  "fields": {
    "name": "Can view permission",
    "content_type": 2,
    "codename": "view_permission"
  }
},
{
  "model": "auth.permission",
  "pk": 9,
  "fields": {
    "name": "Can add group",
    "content_type": 3,
    "codename": "add_group"
  }
},
{
  "model": "auth.permission",
  "pk": 10,
  "fields": {
    "name": "Can change group",
    "content_type": 3,
    "codename": "change_group"
  }
},
{
  "model": "auth.permission",
  "pk": 11,
  "fields": {
    "name": "Can delete group",
    "content_type": 3,
    "codename": "delete_group"
  }
},
{
  "model": "auth.permission",
  "pk": 12,
  "fields": {
    "name": "Can view group",
    "content_type": 3,
    "codename": "view_group"
  }
},
{
  "model": "auth.permission",
  "pk": 13,
  "fields": {
    "name": "Can add user",
    "content_type": 4,
    "codename": "add_user"
  }
},
{
  "model": "auth.permission",
  "pk": 14,
  "fields": {
    "name": "Can change user",
    "content_type": 4,
    "codename": "change_user"
  }
},
{
  "model": "auth.permission",
  "pk": 15,
  "fields": {
    "name": "Can delete user",
    "content_type": 4,
    "codename": "delete_user"
  }
},
{
  "model": "auth.permission",
  "pk": 16,
  "fields": {
    "name": "Can view user",
    "content_type": 4,
    "codename": "view_user"
  }
},
{
  "model": "auth.permission",
  "pk": 17,
  "fields": {
    "name": "Can add content type",
    "content_type": 5,
    "codename": "add_contenttype"
  }
},
{
  "model": "auth.permission",
  "pk": 18,
  "fields": {
    "name": "Can change content type",
    "content_type": 5,
    "codename": "change_contenttype"
  }
},
{
  "model": "auth.permission",
  "pk": 19,
  "fields": {
    "name": "Can delete content type",
    "content_type": 5,
    "codename": "delete_contenttype"
  }
},
{
  "model": "auth.permission",
  "pk": 20,
  "fields": {
    "name": "Can view content type",
    "content_type": 5,
    "codename": "view_contenttype"
  }
},
{
  "model": "auth.permission",
  "pk": 21,
  "fields": {
    "name": "Can add session",
    "content_type": 6,
    "codename": "add_session"
  }
},
{
  "model": "auth.permission",
  "pk": 22,
  "fields": {
    "name": "Can change session",
    "content_type": 6,
    "codename": "change_session"
  }
},
{
  "model": "auth.permission",
  "pk": 23,
  "fields": {
    "name": "Can delete session",
    "content_type": 6,
    "codename": "delete_session"
  }
},
{
  "model": "auth.permission",
  "pk": 24,
  "fields": {
    "name": "Can view session",
    "content_type": 6,
    "codename": "view_session"
  }
},
{
  "model": "auth.permission",
  "pk": 25,
  "fields": {
    "name": "Can add site",
    "content_type": 7,
    "codename": "add_site"
  }
},
{
  "model": "auth.permission",
  "pk": 26,
  "fields": {
    "name": "Can change site",
    "content_type": 7,
    "codename": "change_site"
  }
},
{
  "model": "auth.permission",
  "pk": 27,
  "fields": {
    "name": "Can delete site",
    "content_type": 7,
    "codename": "delete_site"
  }
},
{
  "model": "auth.permission",
  "pk": 28,
  "fields": {
    "name": "Can view site",
    "content_type": 7,
    "codename": "view_site"
  }
},
{
  "model": "auth.permission",
  "pk": 29,
  "fields": {
    "name": "Can add flat page",
    "content_type": 8,
    "codename": "add_flatpage"
  }
},
{
  "model": "auth.permission",
  "pk": 30,
  "fields": {
    "name": "Can change flat page",
    "content_type": 8,
    "codename": "change_flatpage"
  }
},
{
  "model": "auth.permission",
  "pk": 31,
  "fields": {
    "name": "Can delete flat page",
    "content_type": 8,
    "codename": "delete_flatpage"
  }
},
{
  "model": "auth.permission",
  "pk": 32,
  "fields": {
    "name": "Can view flat page",
    "content_type": 8,
    "codename": "view_flatpage"
  }
},
{
  "model": "auth.permission",
  "pk": 33,
  "fields": {
    "name": "Can add Продавец",
    "content_type": 9,
    "codename": "add_seller"
  }
},
{
  "model": "auth.permission",
  "pk": 34,
  "fields": {
    "name": "Can change Продавец",
    "content_type": 9,
    "codename": "change_seller"
  }
},
{
  "model": "auth.permission",
  "pk": 35,
  "fields": {
    "name": "Can delete Продавец",
    "content_type": 9,
    "codename": "delete_seller"
  }
},
{
  "model": "auth.permission",
  "pk": 36,
  "fields": {
    "name": "Can view Продавец",
    "content_type": 9,
    "codename": "view_seller"
  }
},
{
  "model": "auth.permission",
  "pk": 37,
  "fields": {
    "name": "Can add Цена продавца",
    "content_type": 10,
    "codename": "add_price"
  }
},
{
  "model": "auth.permission",
  "pk": 38,
  "fields": {
    "name": "Can change Цена продавца",
    "content_type": 10,
    "codename": "change_price"
  }
},
{
  "model": "auth.permission",
  "pk": 39,
  "fields": {
    "name": "Can delete Цена продавца",
    "content_type": 10,
    "codename": "delete_price"
  }
},
{
  "model": "auth.permission",
  "pk": 40,
  "fields": {
    "name": "Can view Цена продавца",
    "content_type": 10,
    "codename": "view_price"
  }
},
{
  "model": "auth.permission",
  "pk": 41,
  "fields": {
    "name": "Can add Тег",
    "content_type": 11,
    "codename": "add_tag"
  }
},
{
  "model": "auth.permission",
  "pk": 42,
  "fields": {
    "name": "Can change Тег",
    "content_type": 11,
    "codename": "change_tag"
  }
},
{
  "model": "auth.permission",
  "pk": 43,
  "fields": {
    "name": "Can delete Тег",
    "content_type": 11,
    "codename": "delete_tag"
  }
},
{
  "model": "auth.permission",
  "pk": 44,
  "fields": {
    "name": "Can view Тег",
    "content_type": 11,
    "codename": "view_tag"
  }
},
{
  "model": "auth.permission",
  "pk": 45,
  "fields": {
    "name": "Can add Категория товара",
    "content_type": 12,
    "codename": "add_category"
  }
},
{
  "model": "auth.permission",
  "pk": 46,
  "fields": {
    "name": "Can change Категория товара",
    "content_type": 12,
    "codename": "change_category"
  }
},
{
  "model": "auth.permission",
  "pk": 47,
  "fields": {
    "name": "Can delete Категория товара",
    "content_type": 12,
    "codename": "delete_category"
  }
},
{
  "model": "auth.permission",
  "pk": 48,
  "fields": {
    "name": "Can view Категория товара",
    "content_type": 12,
    "codename": "view_category"
  }
},
{
  "model": "auth.permission",
  "pk": 49,
  "fields": {
    "name": "Can add Товар",
    "content_type": 13,
    "codename": "add_product"
  }
},
{
  "model": "auth.permission",
  "pk": 50,
  "fields": {
    "name": "Can change Товар",
    "content_type": 13,
    "codename": "change_product"
  }
},
{
  "model": "auth.permission",
  "pk": 51,
  "fields": {
    "name": "Can delete Товар",
    "content_type": 13,
    "codename": "delete_product"
  }
},
{
  "model": "auth.permission",
  "pk": 52,
  "fields": {
    "name": "Can view Товар",
    "content_type": 13,
    "codename": "view_product"
  }
},
{
  "model": "auth.permission",
  "pk": 53,
  "fields": {
    "name": "Can add Профиль пользователя",
    "content_type": 14,
    "codename": "add_profile"
  }
},
{
  "model": "auth.permission",
  "pk": 54,
  "fields": {
    "name": "Can change Профиль пользователя",
    "content_type": 14,
    "codename": "change_profile"
  }
},
{
  "model": "auth.permission",
  "pk": 55,
  "fields": {
    "name": "Can delete Профиль пользователя",
    "content_type": 14,
    "codename": "delete_profile"
  }
},
{
  "model": "auth.permission",
  "pk": 56,
  "fields": {
    "name": "Can view Профиль пользователя",
    "content_type": 14,
    "codename": "view_profile"
  }
},
{
  "model": "auth.permission",
  "pk": 57,
  "fields": {
    "name": "Can add kv store",
    "content_type": 15,
    "codename": "add_kvstore"
  }
},
{
  "model": "auth.permission",
  "pk": 58,
  "fields": {
    "name": "Can change kv store",
    "content_type": 15,
    "codename": "change_kvstore"
  }
},
{
  "model": "auth.permission",
  "pk": 59,
  "fields": {
    "name": "Can delete kv store",
    "content_type": 15,
    "codename": "delete_kvstore"
  }
},
{
  "model": "auth.permission",
  "pk": 60,
  "fields": {
    "name": "Can view kv store",
    "content_type": 15,
    "codename": "view_kvstore"
  }
},
{
  "model": "auth.permission",
  "pk": 61,
  "fields": {
    "name": "Can add email address",
    "content_type": 16,
    "codename": "add_emailaddress"
  }
},
{
  "model": "auth.permission",
  "pk": 62,
  "fields": {
    "name": "Can change email address",
    "content_type": 16,
    "codename": "change_emailaddress"
  }
},
{
  "model": "auth.permission",
  "pk": 63,
  "fields": {
    "name": "Can delete email address",
    "content_type": 16,
    "codename": "delete_emailaddress"
  }
},
{
  "model": "auth.permission",
  "pk": 64,
  "fields": {
    "name": "Can view email address",
    "content_type": 16,
    "codename": "view_emailaddress"
  }
},
{
  "model": "auth.permission",
  "pk": 65,
  "fields": {
    "name": "Can add email confirmation",
    "content_type": 17,
    "codename": "add_emailconfirmation"
  }
},
{
  "model": "auth.permission",
  "pk": 66,
  "fields": {
    "name": "Can change email confirmation",
    "content_type": 17,
    "codename": "change_emailconfirmation"
  }
},
{
  "model": "auth.permission",
  "pk": 67,
  "fields": {
    "name": "Can delete email confirmation",
    "content_type": 17,
    "codename": "delete_emailconfirmation"
  }
},
{
  "model": "auth.permission",
  "pk": 68,
  "fields": {
    "name": "Can view email confirmation",
    "content_type": 17,
    "codename": "view_emailconfirmation"
  }
},
{
  "model": "auth.permission",
  "pk": 69,
  "fields": {
    "name": "Can add social account",
    "content_type": 18,
    "codename": "add_socialaccount"
  }
},
{
  "model": "auth.permission",
  "pk": 70,
  "fields": {
    "name": "Can change social account",
    "content_type": 18,
    "codename": "change_socialaccount"
  }
},
{
  "model": "auth.permission",
  "pk": 71,
  "fields": {
    "name": "Can delete social account",
    "content_type": 18,
    "codename": "delete_socialaccount"
  }
},
{
  "model": "auth.permission",
  "pk": 72,
  "fields": {
    "name": "Can view social account",
    "content_type": 18,
    "codename": "view_socialaccount"
  }
},
{
  "model": "auth.permission",
  "pk": 73,
  "fields": {
    "name": "Can add social application",
    "content_type": 19,
    "codename": "add_socialapp"
  }
},
{
  "model": "auth.permission",
  "pk": 74,
  "fields": {
    "name": "Can change social application",
    "content_type": 19,
    "codename": "change_socialapp"
  }
},
{
  "model": "auth.permission",
  "pk": 75,
  "fields": {
    "name": "Can delete social application",
    "content_type": 19,
    "codename": "delete_socialapp"
  }
},
{
  "model": "auth.permission",
  "pk": 76,
  "fields": {
    "name": "Can view social application",
    "content_type": 19,
    "codename": "view_socialapp"
  }
},
{
  "model": "auth.permission",
  "pk": 77,
  "fields": {
    "name": "Can add social application token",
    "content_type": 20,
    "codename": "add_socialtoken"
  }
},
{
  "model": "auth.permission",
  "pk": 78,
  "fields": {
    "name": "Can change social application token",
    "content_type": 20,
    "codename": "change_socialtoken"
  }
},
{
  "model": "auth.permission",
  "pk": 79,
  "fields": {
    "name": "Can delete social application token",
    "content_type": 20,
    "codename": "delete_socialtoken"
  }
},
{
  "model": "auth.permission",
  "pk": 80,
  "fields": {
    "name": "Can view social application token",
    "content_type": 20,
    "codename": "view_socialtoken"
  }
},
{
  "model": "auth.permission",
  "pk": 81,
  "fields": {
    "name": "Can add django job",
    "content_type": 21,
    "codename": "add_djangojob"
  }
},
{
  "model": "auth.permission",
  "pk": 82,
  "fields": {
    "name": "Can change django job",
    "content_type": 21,
    "codename": "change_djangojob"
  }
},
{
  "model": "auth.permission",
  "pk": 83,
  "fields": {
    "name": "Can delete django job",
    "content_type": 21,
    "codename": "delete_djangojob"
  }
},
{
  "model": "auth.permission",
  "pk": 84,
  "fields": {
    "name": "Can view django job",
    "content_type": 21,
    "codename": "view_djangojob"
  }
},
{
  "model": "auth.permission",
  "pk": 85,
  "fields": {
    "name": "Can add django job execution",
    "content_type": 22,
    "codename": "add_djangojobexecution"
  }
},
{
  "model": "auth.permission",
  "pk": 86,
  "fields": {
    "name": "Can change django job execution",
    "content_type": 22,
    "codename": "change_djangojobexecution"
  }
},
{
  "model": "auth.permission",
  "pk": 87,
  "fields": {
    "name": "Can delete django job execution",
    "content_type": 22,
    "codename": "delete_djangojobexecution"
  }
},
{
  "model": "auth.permission",
  "pk": 88,
  "fields": {
    "name": "Can view django job execution",
    "content_type": 22,
    "codename": "view_djangojobexecution"
  }
},
{
  "model": "auth.permission",
  "pk": 89,
  "fields": {
    "name": "Can add Счетчик просмотров",
    "content_type": 23,
    "codename": "add_viewcounter"
  }
},
{
  "model": "auth.permission",
  "pk": 90,
  "fields": {
    "name": "Can change Счетчик просмотров",
    "content_type": 23,
    "codename": "change_viewcounter"
  }
},
{
  "model": "auth.permission",
  "pk": 91,
  "fields": {
    "name": "Can delete Счетчик просмотров",
    "content_type": 23,
    "codename": "delete_viewcounter"
  }
},
{
  "model": "auth.permission",
  "pk": 92,
  "fields": {
    "name": "Can view Счетчик просмотров",
    "content_type": 23,
    "codename": "view_viewcounter"
  }
},
{
  "model": "auth.group",
  "pk": 1,
  "fields": {
    "name": "common users",
    "permissions": [
      61
    ]
  }
},
{
  "model": "auth.group",
  "pk": 2,
  "fields": {
    "name": "sellers",
    "permissions": [
      49,
      50
    ]
  }
},
{
  "model": "auth.user",
  "pk": 1,
  "fields": {
    "password": "pbkdf2_sha256$216000$rtGriDLgDu53$cz1Qxo3UmSg6PHkgfdyKnm+Gs0RzrNEyTNKKyyT7EgE=",
    "last_login": "2021-04-16T12:07:36.287Z",
    "is_superuser": true,
    "username": "admin",
    "first_name": "Павел",
    "last_name": "Никифоров",
    "email": "",
    "is_staff": true,
    "is_active": true,
    "date_joined": "2021-03-24T08:37:28.307Z",
    "groups": [],
    "user_permissions": []
  }
},
{
  "model": "auth.user",
  "pk": 2,
  "fields": {
    "password": "!oSvPyVX9lklxtmJjDoTyu8wtcv856BgbANuJCo44",
    "last_login": "2021-04-07T18:25:27.794Z",
    "is_superuser": false,
    "username": "pavelnikif",
    "first_name": "Павел",
    "last_name": "Никифоров",
    "email": "",
    "is_staff": false,
    "is_active": true,
    "date_joined": "2021-04-07T12:44:32.982Z",
    "groups": [],
    "user_permissions": []
  }
},
{
  "model": "auth.user",
  "pk": 3,
  "fields": {
    "password": "pbkdf2_sha256$216000$6DY3Gbpbh0ov$l9tiio4NDfPTivqgIcb06FbgFpNmQTUBevNJEyWMeHE=",
    "last_login": null,
    "is_superuser": false,
    "username": "newuser",
    "first_name": "Пабло Энрике",
    "last_name": "Неруда",
    "email": "",
    "is_staff": false,
    "is_active": true,
    "date_joined": "2021-04-09T08:01:44Z",
    "groups": [],
    "user_permissions": []
  }
},
{
  "model": "auth.user",
  "pk": 4,
  "fields": {
    "password": "pbkdf2_sha256$216000$dpkIwjDdwDbV$Sy/QyeAhceO95VXG6AES9mdgnViHHIEujCorjSsgPIU=",
    "last_login": "2021-04-09T10:42:04Z",
    "is_superuser": false,
    "username": "foo",
    "first_name": "aa",
    "last_name": "bb",
    "email": "",
    "is_staff": false,
    "is_active": true,
    "date_joined": "2021-04-09T09:51:03Z",
    "groups": [
      2
    ],
    "user_permissions": [
      49,
      50
    ]
  }
},
{
  "model": "auth.user",
  "pk": 5,
  "fields": {
    "password": "pbkdf2_sha256$216000$KayJRZiTfsOt$DhuTtD1kNks/hPghW9e7tFucuf5M4hXoZ9JVTrKLgr4=",
    "last_login": null,
    "is_superuser": false,
    "username": "foo1",
    "first_name": "",
    "last_name": "",
    "email": "",
    "is_staff": false,
    "is_active": true,
    "date_joined": "2021-04-09T10:02:59Z",
    "groups": [
      1
    ],
    "user_permissions": []
  }
},
{
  "model": "auth.user",
  "pk": 6,
  "fields": {
    "password": "pbkdf2_sha256$216000$1BumDP46f4Tf$tnKayLMchepxdLAp1Caf4AFc8d9mRlD1lpnOVzD9VKo=",
    "last_login": null,
    "is_superuser": false,
    "username": "foo2",
    "first_name": "",
    "last_name": "",
    "email": "",
    "is_staff": false,
    "is_active": true,
    "date_joined": "2021-04-09T10:05:42.236Z",
    "groups": [],
    "user_permissions": []
  }
},
{
  "model": "auth.user",
  "pk": 7,
  "fields": {
    "password": "pbkdf2_sha256$216000$i5mn0Ou8OOSQ$FQaJrrD5DSFizLess0Pg7iOl7Ge6vCeAdQO+3KBUGJc=",
    "last_login": null,
    "is_superuser": false,
    "username": "a1",
    "first_name": "",
    "last_name": "",
    "email": "",
    "is_staff": false,
    "is_active": true,
    "date_joined": "2021-04-09T10:07:29.113Z",
    "groups": [
      1
    ],
    "user_permissions": []
  }
},
{
  "model": "auth.user",
  "pk": 11,
  "fields": {
    "password": "pbkdf2_sha256$216000$dP30MRypXqvQ$wnuPuepfkdomASYKBZ1h6PB+2tIlfZsgTFfx+K9KFUg=",
    "last_login": "2021-04-16T11:15:52.205Z",
    "is_superuser": false,
    "username": "poster",
    "first_name": "",
    "last_name": "",
    "email": "post@clever-soft.ru",
    "is_staff": false,
    "is_active": true,
    "date_joined": "2021-04-16T11:15:47.210Z",
    "groups": [
      1
    ],
    "user_permissions": []
  }
},
{
  "model": "sessions.session",
  "pk": "ggzge8vqjvdvfnpc1okgia6r0fd6fzi9",
  "fields": {
    "session_data": ".eJxVjMsOwiAQRf-FtSG8BqhL934DYRiQqoGktCvjv2uTLnR7zzn3xULc1hq2kZcwEzszyU6_G8b0yG0HdI_t1nnqbV1m5LvCDzr4tVN-Xg7376DGUb91QlLekwCaikNNWhY1kTUepRGknAMwpWQrkxKQwaAHqyOi904KEx17fwDj5Dd5:1lSk5S:ocZ5Om-UvDSxjxDWfGDDh1gVttWylYVpAiYHaByYuP0",
    "expire_date": "2021-04-17T17:29:30.420Z"
  }
},
{
  "model": "sessions.session",
  "pk": "hbaclehf89mndi06k3i6va0hv6dk4xm1",
  "fields": {
    "session_data": ".eJxVjMsOwiAQRf-FtSG8BqhL934DYRiQqoGktCvjv2uTLnR7zzn3xULc1hq2kZcwEzszyU6_G8b0yG0HdI_t1nnqbV1m5LvCDzr4tVN-Xg7376DGUb91QlLekwCaikNNWhY1kTUepRGknAMwpWQrkxKQwaAHqyOi904KEx17fwDj5Dd5:1lOz2C:haCwCZ63ED6PeTRiLAaCGbMHLtzdhy_ye00jtT-6NQA",
    "expire_date": "2021-04-07T08:38:36.856Z"
  }
},
{
  "model": "sessions.session",
  "pk": "jn962a4wlmw5wtfn6laxixy7pwmggsms",
  "fields": {
    "session_data": ".eJxVjMsOwiAQRf-FtSG8BqhL934DYRiQqoGktCvjv2uTLnR7zzn3xULc1hq2kZcwEzszyU6_G8b0yG0HdI_t1nnqbV1m5LvCDzr4tVN-Xg7376DGUb91QlLekwCaikNNWhY1kTUepRGknAMwpWQrkxKQwaAHqyOi904KEx17fwDj5Dd5:1lR9zq:Ur05V5Iiuz5nL7FeKnGUf1rzONVTryN8rPsuqzqnSAI",
    "expire_date": "2021-04-13T08:45:10.617Z"
  }
},
{
  "model": "sessions.session",
  "pk": "krnpw7o3zumm5noxhwo9lkv9lkd7scqy",
  "fields": {
    "session_data": ".eJxVjMsOwiAQRf-FtSG8BqhL934DYRiQqoGktCvjv2uTLnR7zzn3xULc1hq2kZcwEzszyU6_G8b0yG0HdI_t1nnqbV1m5LvCDzr4tVN-Xg7376DGUb91QlLekwCaikNNWhY1kTUepRGknAMwpWQrkxKQwaAHqyOi904KEx17fwDj5Dd5:1lUlf7:XVXk-M3X-aKWgDOU-OdvdTDg4rWWV55xdNZ1A9EIpd0",
    "expire_date": "2021-04-23T07:34:41.659Z"
  }
},
{
  "model": "sessions.session",
  "pk": "ly804cqbu1qu1qf51i91ws47xhn6yjgf",
  "fields": {
    "session_data": ".eJxVjMsOwiAQRf-FtSG8BqhL934DYRiQqoGktCvjv2uTLnR7zzn3xULc1hq2kZcwEzszyU6_G8b0yG0HdI_t1nnqbV1m5LvCDzr4tVN-Xg7376DGUb91QlLekwCaikNNWhY1kTUepRGknAMwpWQrkxKQwaAHqyOi904KEx17fwDj5Dd5:1lUobX:rAuNlXn91UTtm3cxiCxIZDgsNJFfnyumGBRrQFdC4Pc",
    "expire_date": "2021-04-23T10:43:11.865Z"
  }
},
{
  "model": "sessions.session",
  "pk": "ymu9g5xr39zl66ugdb88me872gvdm6en",
  "fields": {
    "session_data": ".eJxVjMsOwiAQRf-FtSG8BqhL934DYRiQqoGktCvjv2uTLnR7zzn3xULc1hq2kZcwEzszyU6_G8b0yG0HdI_t1nnqbV1m5LvCDzr4tVN-Xg7376DGUb91QlLekwCaikNNWhY1kTUepRGknAMwpWQrkxKQwaAHqyOi904KEx17fwDj5Dd5:1lXNG4:GRY9b1r-s_tm0emTQeI6t9-9c_gL7TpEQ4c6J8hCO5M",
    "expire_date": "2021-04-30T12:07:36.303Z"
  }
},
{
  "model": "sites.site",
  "pk": 2,
  "fields": {
    "domain": "127.0.0.1:8000",
    "name": "127.0.0.1:8000"
  }
},
{
  "model": "flatpages.flatpage",
  "pk": 1,
  "fields": {
    "url": "/",
    "title": "Главная",
    "content": "<p>Проект создается и настраивается в рамках обучения на курсе Django Lab 2</p>",
    "enable_comments": false,
    "template_name": "index.html",
    "registration_required": false,
    "sites": [
      2
    ]
  }
},
{
  "model": "flatpages.flatpage",
  "pk": 2,
  "fields": {
    "url": "/contacts/",
    "title": "Контакты",
    "content": "<p>По всем интересущим Вас вопросам можете связаться с нами по электронной почте</p>",
    "enable_comments": false,
    "template_name": "flatpages/index.html",
    "registration_required": false,
    "sites": [
      2
    ]
  }
},
{
  "model": "flatpages.flatpage",
  "pk": 3,
  "fields": {
    "url": "/about/",
    "title": "О нас",
    "content": "<p>Мы замечательная команда, работающая <strong>непокладая </strong>рук.</p>",
    "enable_comments": false,
    "template_name": "flatpages/index.html",
    "registration_required": false,
    "sites": [
      2
    ]
  }
},
{
  "model": "flatpages.flatpage",
  "pk": 4,
  "fields": {
    "url": "/services/",
    "title": "Услуги",
    "content": "<p>Мы готовы оказать любые услуги в рамках приличия</p>",
    "enable_comments": false,
    "template_name": "flatpages/index.html",
    "registration_required": false,
    "sites": [
      2
    ]
  }
},
{
  "model": "thumbnail.kvstore",
  "pk": "sorl-thumbnail||image||000c780d240209e13eac7958c675693d",
  "fields": {
    "value": "{\"name\": \"erp_error.png\", \"storage\": \"django.core.files.storage.FileSystemStorage\", \"size\": [525, 507]}"
  }
},
{
  "model": "thumbnail.kvstore",
  "pk": "sorl-thumbnail||image||4691818c63b5bc0d6d4a8c958e2f30c6",
  "fields": {
    "value": "{\"name\": \"erp.png\", \"storage\": \"django.core.files.storage.FileSystemStorage\", \"size\": [599, 166]}"
  }
},
{
  "model": "thumbnail.kvstore",
  "pk": "sorl-thumbnail||image||ad16484c4b3c71f1e56fc6a2334ce477",
  "fields": {
    "value": "{\"name\": \"cache/4c/a9/4ca9a9f931d52a019d5d8453a270d936.jpg\", \"storage\": \"django.core.files.storage.FileSystemStorage\", \"size\": [100, 100]}"
  }
},
{
  "model": "thumbnail.kvstore",
  "pk": "sorl-thumbnail||image||ca84e170f701556eede9786b13592bb3",
  "fields": {
    "value": "{\"name\": \"cache/07/a4/07a4cc2eed9ee376ed971dbc8c94ff59.jpg\", \"storage\": \"django.core.files.storage.FileSystemStorage\", \"size\": [100, 100]}"
  }
},
{
  "model": "thumbnail.kvstore",
  "pk": "sorl-thumbnail||thumbnails||000c780d240209e13eac7958c675693d",
  "fields": {
    "value": "[\"ad16484c4b3c71f1e56fc6a2334ce477\"]"
  }
},
{
  "model": "thumbnail.kvstore",
  "pk": "sorl-thumbnail||thumbnails||4691818c63b5bc0d6d4a8c958e2f30c6",
  "fields": {
    "value": "[\"ca84e170f701556eede9786b13592bb3\"]"
  }
},
{
  "model": "account.emailaddress",
  "pk": 1,
  "fields": {
    "user": 2,
    "email": "pavelnikif@gmail.com",
    "verified": true,
    "primary": true
  }
},
{
  "model": "account.emailaddress",
  "pk": 4,
  "fields": {
    "user": 11,
    "email": "post@clever-soft.ru",
    "verified": true,
    "primary": true
  }
},
{
  "model": "socialaccount.socialapp",
  "pk": 1,
  "fields": {
    "provider": "google",
    "name": "OAuth App",
    "client_id": "950733412972-g7nkeul98culau8jr7slc07dt3g3r82j.apps.googleusercontent.com",
    "secret": "vpdFqbx0SzrToLeAHyzWK8mm",
    "key": "127.0.0.1:8000",
    "sites": [
      2
    ]
  }
},
{
  "model": "socialaccount.socialaccount",
  "pk": 1,
  "fields": {
    "user": 2,
    "provider": "google",
    "uid": "100419855546293863977",
    "last_login": "2021-04-07T18:25:27.730Z",
    "date_joined": "2021-04-07T12:44:33.025Z",
    "extra_data": "{\"id\": \"100419855546293863977\", \"email\": \"pavelnikif@gmail.com\", \"verified_email\": true, \"name\": \"\\u041f\\u0430\\u0432\\u0435\\u043b \\u041d\\u0438\\u043a\\u0438\\u0444\\u043e\\u0440\\u043e\\u0432\", \"given_name\": \"\\u041f\\u0430\\u0432\\u0435\\u043b\", \"family_name\": \"\\u041d\\u0438\\u043a\\u0438\\u0444\\u043e\\u0440\\u043e\\u0432\", \"picture\": \"https://lh3.googleusercontent.com/a-/AOh14GiLkdVqE5C5IzEp24jjkVJsNnJPBD6ReqMtpk3LAw=s96-c\", \"locale\": \"ru\"}"
  }
},
{
  "model": "socialaccount.socialtoken",
  "pk": 1,
  "fields": {
    "app": 1,
    "account": 1,
    "token": "ya29.a0AfH6SMCHGVDN5x_9YavxQpSBFKggWHk2zHID9YgDtQIEzoYRBX2QK5r5lChyZj2edpCKXbdhdKA_ue2e6qVS2mEMT1OO9lXhRsIPHT2zl5EoddECq1zMW6xfQOlJwi1f9Mo_wBAOfejnvMT7GqR_Q116xQ4rNQ",
    "token_secret": "",
    "expires_at": "2021-04-07T19:25:26.541Z"
  }
},
{
  "model": "django_apscheduler.djangojob",
  "pk": "delete_old_job_executions",
  "fields": {
    "next_run_time": "2021-04-18T21:00:00Z",
    "job_state": "gASVRAQAAAAAAAB9lCiMB3ZlcnNpb26USwGMAmlklIwZZGVsZXRlX29sZF9qb2JfZXhlY3V0aW9uc5SMBGZ1bmOUjEFtYWluLm1hbmFnZW1lbnQuY29tbWFuZHMucnVuYXBzY2hlZHVsZXI6ZGVsZXRlX29sZF9qb2JfZXhlY3V0aW9uc5SMB3RyaWdnZXKUjBlhcHNjaGVkdWxlci50cmlnZ2Vycy5jcm9ulIwLQ3JvblRyaWdnZXKUk5QpgZR9lChoAUsCjAh0aW1lem9uZZSMBHB5dHqUjAJfcJSTlCiMDUV1cm9wZS9Nb3Njb3eUTSgjSwCMA0xNVJR0lFKUjApzdGFydF9kYXRllE6MCGVuZF9kYXRllE6MBmZpZWxkc5RdlCiMIGFwc2NoZWR1bGVyLnRyaWdnZXJzLmNyb24uZmllbGRzlIwJQmFzZUZpZWxklJOUKYGUfZQojARuYW1llIwEeWVhcpSMCmlzX2RlZmF1bHSUiIwLZXhwcmVzc2lvbnOUXZSMJWFwc2NoZWR1bGVyLnRyaWdnZXJzLmNyb24uZXhwcmVzc2lvbnOUjA1BbGxFeHByZXNzaW9ulJOUKYGUfZSMBHN0ZXCUTnNiYXViaBiMCk1vbnRoRmllbGSUk5QpgZR9lChoHYwFbW9udGiUaB+IaCBdlGgkKYGUfZRoJ05zYmF1YmgYjA9EYXlPZk1vbnRoRmllbGSUk5QpgZR9lChoHYwDZGF5lGgfiGggXZRoJCmBlH2UaCdOc2JhdWJoGIwJV2Vla0ZpZWxklJOUKYGUfZQoaB2MBHdlZWuUaB+IaCBdlGgkKYGUfZRoJ05zYmF1YmgYjA5EYXlPZldlZWtGaWVsZJSTlCmBlH2UKGgdjAtkYXlfb2Zfd2Vla5RoH4loIF2UaCKMFldlZWtkYXlSYW5nZUV4cHJlc3Npb26Uk5QpgZR9lChoJ06MBWZpcnN0lEsAjARsYXN0lEsAdWJhdWJoGimBlH2UKGgdjARob3VylGgfiWggXZRoIowPUmFuZ2VFeHByZXNzaW9ulJOUKYGUfZQoaCdOaEpLAGhLSwB1YmF1YmgaKYGUfZQoaB2MBm1pbnV0ZZRoH4loIF2UaFEpgZR9lChoJ05oSksAaEtLAHViYXViaBopgZR9lChoHYwGc2Vjb25klGgfiGggXZRoUSmBlH2UKGgnTmhKSwBoS0sAdWJhdWJljAZqaXR0ZXKUTnVijAhleGVjdXRvcpSMB2RlZmF1bHSUjARhcmdzlCmMBmt3YXJnc5R9lGgdaAOMEm1pc2ZpcmVfZ3JhY2VfdGltZZRLAYwIY29hbGVzY2WUiIwNbWF4X2luc3RhbmNlc5RLAYwNbmV4dF9ydW5fdGltZZSMCGRhdGV0aW1llIwIZGF0ZXRpbWWUk5RDCgflBBMAAAAAAACUaA8oaBBNMCpLAIwDTVNLlHSUUpSGlFKUdS4="
  }
},
{
  "model": "django_apscheduler.djangojob",
  "pk": "new_products_notification",
  "fields": {
    "next_run_time": "2021-04-16T13:48:30Z",
    "job_state": "gASV5wMAAAAAAAB9lCiMB3ZlcnNpb26USwGMAmlklIwZbmV3X3Byb2R1Y3RzX25vdGlmaWNhdGlvbpSMBGZ1bmOUjEFtYWluLm1hbmFnZW1lbnQuY29tbWFuZHMucnVuYXBzY2hlZHVsZXI6bmV3X3Byb2R1Y3RzX25vdGlmaWNhdGlvbpSMB3RyaWdnZXKUjBlhcHNjaGVkdWxlci50cmlnZ2Vycy5jcm9ulIwLQ3JvblRyaWdnZXKUk5QpgZR9lChoAUsCjAh0aW1lem9uZZSMBHB5dHqUjAJfcJSTlCiMDUV1cm9wZS9Nb3Njb3eUTSgjSwCMA0xNVJR0lFKUjApzdGFydF9kYXRllE6MCGVuZF9kYXRllE6MBmZpZWxkc5RdlCiMIGFwc2NoZWR1bGVyLnRyaWdnZXJzLmNyb24uZmllbGRzlIwJQmFzZUZpZWxklJOUKYGUfZQojARuYW1llIwEeWVhcpSMCmlzX2RlZmF1bHSUiIwLZXhwcmVzc2lvbnOUXZSMJWFwc2NoZWR1bGVyLnRyaWdnZXJzLmNyb24uZXhwcmVzc2lvbnOUjA1BbGxFeHByZXNzaW9ulJOUKYGUfZSMBHN0ZXCUTnNiYXViaBiMCk1vbnRoRmllbGSUk5QpgZR9lChoHYwFbW9udGiUaB+IaCBdlGgkKYGUfZRoJ05zYmF1YmgYjA9EYXlPZk1vbnRoRmllbGSUk5QpgZR9lChoHYwDZGF5lGgfiGggXZRoJCmBlH2UaCdOc2JhdWJoGIwJV2Vla0ZpZWxklJOUKYGUfZQoaB2MBHdlZWuUaB+IaCBdlGgkKYGUfZRoJ05zYmF1YmgYjA5EYXlPZldlZWtGaWVsZJSTlCmBlH2UKGgdjAtkYXlfb2Zfd2Vla5RoH4hoIF2UaCQpgZR9lGgnTnNiYXViaBopgZR9lChoHYwEaG91cpRoH4hoIF2UaCQpgZR9lGgnTnNiYXViaBopgZR9lChoHYwGbWludXRllGgfiGggXZRoJCmBlH2UaCdOc2JhdWJoGimBlH2UKGgdjAZzZWNvbmSUaB+JaCBdlGgkKYGUfZRoJ0sKc2JhdWJljAZqaXR0ZXKUTnVijAhleGVjdXRvcpSMB2RlZmF1bHSUjARhcmdzlCmMBmt3YXJnc5R9lGgdaAOMEm1pc2ZpcmVfZ3JhY2VfdGltZZRLAYwIY29hbGVzY2WUiIwNbWF4X2luc3RhbmNlc5RLAYwNbmV4dF9ydW5fdGltZZSMCGRhdGV0aW1llIwIZGF0ZXRpbWWUk5RDCgflBBAQMB4AAACUaA8oaBBNMCpLAIwDTVNLlHSUUpSGlFKUdS4="
  }
},
{
  "model": "django_apscheduler.djangojobexecution",
  "pk": 1,
  "fields": {
    "job": "new_products_notification",
    "status": "Error!",
    "run_time": "2021-04-16T13:44:20Z",
    "duration": "0.56",
    "finished": "1618580660.56",
    "exception": "no such column: main_product.noticed",
    "traceback": "  File \"C:\\Python37\\lib\\site-packages\\apscheduler\\executors\\base.py\", line 125, in run_job\n    retval = job.func(*job.args, **job.kwargs)\n  File \"D:\\work\\Проекты\\Python\\djangoproj\\djangolab\\main\\management\\commands\\runapscheduler.py\", line 21, in new_products_notification\n    if new_products:\n  File \"C:\\Python37\\lib\\site-packages\\django\\db\\models\\query.py\", line 291, in __bool__\n    self._fetch_all()\n  File \"C:\\Python37\\lib\\site-packages\\django\\db\\models\\query.py\", line 1308, in _fetch_all\n    self._result_cache = list(self._iterable_class(self))\n  File \"C:\\Python37\\lib\\site-packages\\django\\db\\models\\query.py\", line 111, in __iter__\n    for row in compiler.results_iter(chunked_fetch=self.chunked_fetch, chunk_size=self.chunk_size):\n  File \"C:\\Python37\\lib\\site-packages\\django\\db\\models\\sql\\compiler.py\", line 1108, in results_iter\n    results = self.execute_sql(MULTI, chunked_fetch=chunked_fetch, chunk_size=chunk_size)\n  File \"C:\\Python37\\lib\\site-packages\\django\\db\\models\\sql\\compiler.py\", line 1156, in execute_sql\n    cursor.execute(sql, params)\n  File \"C:\\Python37\\lib\\site-packages\\django\\db\\backends\\utils.py\", line 98, in execute\n    return super().execute(sql, params)\n  File \"C:\\Python37\\lib\\site-packages\\django\\db\\backends\\utils.py\", line 66, in execute\n    return self._execute_with_wrappers(sql, params, many=False, executor=self._execute)\n  File \"C:\\Python37\\lib\\site-packages\\django\\db\\backends\\utils.py\", line 75, in _execute_with_wrappers\n    return executor(sql, params, many, context)\n  File \"C:\\Python37\\lib\\site-packages\\django\\db\\backends\\utils.py\", line 84, in _execute\n    return self.cursor.execute(sql, params)\n  File \"C:\\Python37\\lib\\site-packages\\django\\db\\utils.py\", line 90, in __exit__\n    raise dj_exc_value.with_traceback(traceback) from exc_value\n  File \"C:\\Python37\\lib\\site-packages\\django\\db\\backends\\utils.py\", line 84, in _execute\n    return self.cursor.execute(sql, params)\n  File \"C:\\Python37\\lib\\site-packages\\django\\db\\backends\\sqlite3\\base.py\", line 413, in execute\n    return Database.Cursor.execute(self, query, params)\n"
  }
},
{
  "model": "django_apscheduler.djangojobexecution",
  "pk": 2,
  "fields": {
    "job": "new_products_notification",
    "status": "Error!",
    "run_time": "2021-04-16T13:44:50Z",
    "duration": "0.72",
    "finished": "1618580690.72",
    "exception": "type object 'User' has no attribute 'object'",
    "traceback": "  File \"C:\\Python37\\lib\\site-packages\\apscheduler\\executors\\base.py\", line 125, in run_job\n    retval = job.func(*job.args, **job.kwargs)\n  File \"D:\\work\\Проекты\\Python\\djangoproj\\djangolab\\main\\management\\commands\\runapscheduler.py\", line 27, in new_products_notification\n    mail_users = User.object.filter(email__gt='').values('email', 'last_name', 'first_name')\n"
  }
},
{
  "model": "django_apscheduler.djangojobexecution",
  "pk": 3,
  "fields": {
    "job": "new_products_notification",
    "status": "Error!",
    "run_time": "2021-04-16T13:45:00Z",
    "duration": "0.64",
    "finished": "1618580700.64",
    "exception": "type object 'User' has no attribute 'object'",
    "traceback": "  File \"C:\\Python37\\lib\\site-packages\\apscheduler\\executors\\base.py\", line 125, in run_job\n    retval = job.func(*job.args, **job.kwargs)\n  File \"D:\\work\\Проекты\\Python\\djangoproj\\djangolab\\main\\management\\commands\\runapscheduler.py\", line 27, in new_products_notification\n    mail_users = User.object.filter(email__gt='').values('email', 'last_name', 'first_name')\n"
  }
},
{
  "model": "django_apscheduler.djangojobexecution",
  "pk": 4,
  "fields": {
    "job": "new_products_notification",
    "status": "Executed",
    "run_time": "2021-04-16T13:45:40Z",
    "duration": "5.36",
    "finished": "1618580745.36",
    "exception": null,
    "traceback": null
  }
},
{
  "model": "django_apscheduler.djangojobexecution",
  "pk": 5,
  "fields": {
    "job": "new_products_notification",
    "status": "Executed",
    "run_time": "2021-04-16T13:45:50Z",
    "duration": "0.13",
    "finished": "1618580750.13",
    "exception": null,
    "traceback": null
  }
},
{
  "model": "django_apscheduler.djangojobexecution",
  "pk": 6,
  "fields": {
    "job": "new_products_notification",
    "status": "Executed",
    "run_time": "2021-04-16T13:46:00Z",
    "duration": "0.12",
    "finished": "1618580760.12",
    "exception": null,
    "traceback": null
  }
},
{
  "model": "django_apscheduler.djangojobexecution",
  "pk": 7,
  "fields": {
    "job": "new_products_notification",
    "status": "Executed",
    "run_time": "2021-04-16T13:46:10Z",
    "duration": "0.06",
    "finished": "1618580770.06",
    "exception": null,
    "traceback": null
  }
},
{
  "model": "django_apscheduler.djangojobexecution",
  "pk": 8,
  "fields": {
    "job": "new_products_notification",
    "status": "Executed",
    "run_time": "2021-04-16T13:46:20Z",
    "duration": "0.09",
    "finished": "1618580780.09",
    "exception": null,
    "traceback": null
  }
},
{
  "model": "django_apscheduler.djangojobexecution",
  "pk": 9,
  "fields": {
    "job": "new_products_notification",
    "status": "Executed",
    "run_time": "2021-04-16T13:46:30Z",
    "duration": "0.11",
    "finished": "1618580790.11",
    "exception": null,
    "traceback": null
  }
},
{
  "model": "django_apscheduler.djangojobexecution",
  "pk": 10,
  "fields": {
    "job": "new_products_notification",
    "status": "Executed",
    "run_time": "2021-04-16T13:46:40Z",
    "duration": "0.18",
    "finished": "1618580800.18",
    "exception": null,
    "traceback": null
  }
},
{
  "model": "django_apscheduler.djangojobexecution",
  "pk": 11,
  "fields": {
    "job": "new_products_notification",
    "status": "Executed",
    "run_time": "2021-04-16T13:46:50Z",
    "duration": "0.10",
    "finished": "1618580810.10",
    "exception": null,
    "traceback": null
  }
},
{
  "model": "django_apscheduler.djangojobexecution",
  "pk": 12,
  "fields": {
    "job": "new_products_notification",
    "status": "Executed",
    "run_time": "2021-04-16T13:47:00Z",
    "duration": "0.06",
    "finished": "1618580820.06",
    "exception": null,
    "traceback": null
  }
},
{
  "model": "django_apscheduler.djangojobexecution",
  "pk": 13,
  "fields": {
    "job": "new_products_notification",
    "status": "Executed",
    "run_time": "2021-04-16T13:47:10Z",
    "duration": "0.09",
    "finished": "1618580830.09",
    "exception": null,
    "traceback": null
  }
},
{
  "model": "django_apscheduler.djangojobexecution",
  "pk": 14,
  "fields": {
    "job": "new_products_notification",
    "status": "Executed",
    "run_time": "2021-04-16T13:47:20Z",
    "duration": "0.08",
    "finished": "1618580840.08",
    "exception": null,
    "traceback": null
  }
},
{
  "model": "django_apscheduler.djangojobexecution",
  "pk": 15,
  "fields": {
    "job": "new_products_notification",
    "status": "Executed",
    "run_time": "2021-04-16T13:47:30Z",
    "duration": "0.10",
    "finished": "1618580850.10",
    "exception": null,
    "traceback": null
  }
},
{
  "model": "django_apscheduler.djangojobexecution",
  "pk": 16,
  "fields": {
    "job": "new_products_notification",
    "status": "Executed",
    "run_time": "2021-04-16T13:47:40Z",
    "duration": "0.07",
    "finished": "1618580860.07",
    "exception": null,
    "traceback": null
  }
},
{
  "model": "django_apscheduler.djangojobexecution",
  "pk": 17,
  "fields": {
    "job": "new_products_notification",
    "status": "Executed",
    "run_time": "2021-04-16T13:47:50Z",
    "duration": "0.06",
    "finished": "1618580870.06",
    "exception": null,
    "traceback": null
  }
},
{
  "model": "django_apscheduler.djangojobexecution",
  "pk": 18,
  "fields": {
    "job": "new_products_notification",
    "status": "Executed",
    "run_time": "2021-04-16T13:48:00Z",
    "duration": "0.08",
    "finished": "1618580880.08",
    "exception": null,
    "traceback": null
  }
},
{
  "model": "django_apscheduler.djangojobexecution",
  "pk": 19,
  "fields": {
    "job": "new_products_notification",
    "status": "Executed",
    "run_time": "2021-04-16T13:48:10Z",
    "duration": "0.05",
    "finished": "1618580890.05",
    "exception": null,
    "traceback": null
  }
},
{
  "model": "django_apscheduler.djangojobexecution",
  "pk": 20,
  "fields": {
    "job": "new_products_notification",
    "status": "Executed",
    "run_time": "2021-04-16T13:48:20Z",
    "duration": "0.07",
    "finished": "1618580900.07",
    "exception": null,
    "traceback": null
  }
},
{
  "model": "main.tag",
  "pk": 16,
  "fields": {
    "tag": "Дети",
    "description": null
  }
},
{
  "model": "main.tag",
  "pk": 17,
  "fields": {
    "tag": "Взрослые",
    "description": null
  }
},
{
  "model": "main.tag",
  "pk": 18,
  "fields": {
    "tag": "Домашние животные",
    "description": null
  }
},
{
  "model": "main.tag",
  "pk": 19,
  "fields": {
    "tag": "Хобби",
    "description": null
  }
},
{
  "model": "main.tag",
  "pk": 20,
  "fields": {
    "tag": "Образование",
    "description": null
  }
},
{
  "model": "main.category",
  "pk": 21,
  "fields": {
    "category_name": "Продукты питания",
    "description": "Продукты для употребления в пишу"
  }
},
{
  "model": "main.category",
  "pk": 22,
  "fields": {
    "category_name": "Одежда",
    "description": null
  }
},
{
  "model": "main.category",
  "pk": 23,
  "fields": {
    "category_name": "Обувь",
    "description": null
  }
},
{
  "model": "main.category",
  "pk": 24,
  "fields": {
    "category_name": "Услуги",
    "description": null
  }
},
{
  "model": "main.product",
  "pk": 6,
  "fields": {
    "product_name": "Мороженое",
    "product_type": "item",
    "description": null,
    "certified": false,
    "product_image": "",
    "noticed": true,
    "category": [
      21
    ],
    "tag": [
      17,
      16
    ]
  }
},
{
  "model": "main.product",
  "pk": 7,
  "fields": {
    "product_name": "Сандалии",
    "product_type": "item",
    "description": "Легкая летняя кожаная обувь",
    "certified": false,
    "product_image": "",
    "noticed": true,
    "category": [
      23
    ],
    "tag": []
  }
},
{
  "model": "main.product",
  "pk": 8,
  "fields": {
    "product_name": "Стрижка",
    "product_type": "service",
    "description": null,
    "certified": false,
    "product_image": "",
    "noticed": true,
    "category": [
      24
    ],
    "tag": [
      17,
      16,
      18
    ]
  }
},
{
  "model": "main.product",
  "pk": 9,
  "fields": {
    "product_name": "Селедка",
    "product_type": "item",
    "description": null,
    "certified": false,
    "product_image": "",
    "noticed": true,
    "category": [],
    "tag": []
  }
},
{
  "model": "main.product",
  "pk": 10,
  "fields": {
    "product_name": "Конфеты",
    "product_type": "service",
    "description": "",
    "certified": false,
    "product_image": "erp_error.png",
    "noticed": true,
    "category": [],
    "tag": []
  }
},
{
  "model": "main.product",
  "pk": 11,
  "fields": {
    "product_name": "Складной нож",
    "product_type": "item",
    "description": null,
    "certified": false,
    "product_image": "",
    "noticed": true,
    "category": [],
    "tag": []
  }
},
{
  "model": "main.product",
  "pk": 12,
  "fields": {
    "product_name": "Ремонт электророзетки",
    "product_type": "service",
    "description": null,
    "certified": false,
    "product_image": "",
    "noticed": true,
    "category": [],
    "tag": []
  }
},
{
  "model": "main.product",
  "pk": 13,
  "fields": {
    "product_name": "Ананас",
    "product_type": "item",
    "description": "",
    "certified": false,
    "product_image": "",
    "noticed": true,
    "category": [],
    "tag": []
  }
},
{
  "model": "main.product",
  "pk": 14,
  "fields": {
    "product_name": "Ротатор",
    "product_type": "item",
    "description": null,
    "certified": false,
    "product_image": "",
    "noticed": true,
    "category": [],
    "tag": []
  }
},
{
  "model": "main.product",
  "pk": 15,
  "fields": {
    "product_name": "Книга о вкусной и здоровой пище",
    "product_type": "item",
    "description": "",
    "certified": false,
    "product_image": "",
    "noticed": false,
    "category": [],
    "tag": [
      16
    ]
  }
},
{
  "model": "main.product",
  "pk": 16,
  "fields": {
    "product_name": "Гвоздодер",
    "product_type": "item",
    "description": "",
    "certified": false,
    "product_image": "",
    "noticed": false,
    "category": [],
    "tag": [
      19
    ]
  }
},
{
  "model": "main.product",
  "pk": 17,
  "fields": {
    "product_name": "Зубная паста",
    "product_type": "item",
    "description": null,
    "certified": false,
    "product_image": "",
    "noticed": true,
    "category": [],
    "tag": []
  }
},
{
  "model": "main.product",
  "pk": 18,
  "fields": {
    "product_name": "Яблоко",
    "product_type": "item",
    "description": null,
    "certified": false,
    "product_image": "",
    "noticed": true,
    "category": [],
    "tag": []
  }
},
{
  "model": "main.product",
  "pk": 19,
  "fields": {
    "product_name": "Кетчуп",
    "product_type": "item",
    "description": null,
    "certified": false,
    "product_image": "",
    "noticed": true,
    "category": [],
    "tag": []
  }
},
{
  "model": "main.product",
  "pk": 20,
  "fields": {
    "product_name": "Консультация юриста",
    "product_type": "service",
    "description": "",
    "certified": true,
    "product_image": "",
    "noticed": true,
    "category": [],
    "tag": []
  }
},
{
  "model": "main.product",
  "pk": 21,
  "fields": {
    "product_name": "Пиво",
    "product_type": "item",
    "description": "Очень вкусное пиво",
    "certified": false,
    "product_image": "",
    "noticed": true,
    "category": [],
    "tag": []
  }
},
{
  "model": "main.seller",
  "pk": 1,
  "fields": {
    "seller_name": "Магнит",
    "description": "Всероссийская сеть продуктовых магазинов"
  }
},
{
  "model": "main.seller",
  "pk": 2,
  "fields": {
    "seller_name": "Пятерочка",
    "description": "Всероссийская сеть продуктовых магазинов"
  }
},
{
  "model": "main.seller",
  "pk": 3,
  "fields": {
    "seller_name": "1001 туфелька",
    "description": null
  }
},
{
  "model": "main.price",
  "pk": 1,
  "fields": {
    "seller": 1,
    "product": 6,
    "price": 58.6,
    "article": null,
    "comment": null
  }
},
{
  "model": "main.profile",
  "pk": 1,
  "fields": {
    "user": 1,
    "age": 90,
    "profile_image": "erp.png"
  }
},
{
  "model": "main.viewcounter",
  "pk": 1,
  "fields": {
    "page_url": "/",
    "view_count": 5
  }
},
{
  "model": "main.viewcounter",
  "pk": 2,
  "fields": {
    "page_url": "/products/13/",
    "view_count": 13
  }
},
{
  "model": "main.viewcounter",
  "pk": 3,
  "fields": {
    "page_url": "/products/10/",
    "view_count": 8
  }
},
{
  "model": "main.viewcounter",
  "pk": 4,
  "fields": {
    "page_url": "/products/8/",
    "view_count": 1
  }
},
{
  "model": "main.viewcounter",
  "pk": 5,
  "fields": {
    "page_url": "/products/12/",
    "view_count": 1
  }
},
{
  "model": "main.viewcounter",
  "pk": 6,
  "fields": {
    "page_url": "/products/17/",
    "view_count": 6
  }
},
{
  "model": "main.viewcounter",
  "pk": 7,
  "fields": {
    "page_url": "/products/21/",
    "view_count": 1
  }
},
{
  "model": "main.viewcounter",
  "pk": 8,
  "fields": {
    "page_url": "/products/15/",
    "view_count": 3
  }
},
{
  "model": "main.viewcounter",
  "pk": 9,
  "fields": {
    "page_url": "/products/6/",
    "view_count": 9
  }
},
{
  "model": "main.viewcounter",
  "pk": 10,
  "fields": {
    "page_url": "/products/16/",
    "view_count": 4
  }
},
{
  "model": "main.viewcounter",
  "pk": 11,
  "fields": {
    "page_url": "/profile/1/",
    "view_count": 1
  }
}
]
